"{""id"":50","""name"":""brokenMapAndTraps""","""purpose"":""Kill foos""","""history"":""Made By Dudes""","""location"":""g""","""creator"":""g""","""map"":""[[\"w\"","\"w\"","\"w\"","\"j\"","\"s\"","\"b\"","\"u\"","\"l\"","\"w\"","\"w\"","\"w\"","\"x\"]]""","""traps"":""[[\"3\"","\"1\"","\"4\"]","[\"3\"","\"7\"","\"0\"]]""","""other_information"":""""","""size"":""L""","""owner_id"":2","""approved"":0","""public"":0","""created_at"":""2016-09-06 02:08:54""","""updated_at"":""2016-09-26 07:29:20""}"
"{""id"":51","""name"":""""","""purpose"":""Kill foos""","""history"":""Made By Dudes""","""location"":""""","""creator"":""""","""map"":""[[\"x\"","\"w\"","\"w\"","\"s\"","\"x\"","\"w\"","\"x\"","\"x\"","\"w\"","\"x\"","\"w\"","\"x\"]","[\"w\"","\"x\"","\"x\"","\"w\"","\"w\"","\"w\"","\"w\"","\"w\"","\"w\"","\"w\"","\"w\"","\"w\"]","[\"w\"","\"w\"","\"t\"","\"t\"","\"x\"","\"x\"","\"t\"","\"x\"","\"x\"","\"w\"","\"x\"","\"x\"]","[\"w\"","\"x\"","\"x\"","\"w\"","\"w\"","\"x\"","\"w\"","\"w\"","\"w\"","\"x\"","\"x\"","\"x\"]","[\"w\"","\"w\"","\"t\"","\"t\"","\"x\"","\"w\"","\"x\"","\"w\"","\"x\"","\"x\"","\"x\"","\"x\"]","[\"w\"","\"x\"","\"x\"","\"w\"","\"w\"","\"w\"","\"w\"","\"x\"","\"w\"","\"x\"","\"x\"","\"x\"]","[\"x\"","\"w\"","\"w\"","\"w\"","\"x\"","\"w\"","\"x\"","\"x\"","\"w\"","\"x\"","\"x\"","\"x\"]","[\"x\"","\"x\"","\"x\"","\"w\"","\"w\"","\"w\"","\"x\"","\"x\"","\"w\"","\"x\"","\"x\"","\"x\"]","[\"x\"","\"x\"","\"x\"","\"x\"","\"w\"","\"x\"","\"w\"","\"w\"","\"w\"","\"w\"","\"x\"","\"x\"]","[\"x\"","\"x\"","\"w\"","\"x\"","\"w\"","\"x\"","\"w\"","\"x\"","\"x\"","\"w\"","\"w\"","\"w\"]","[\"x\"","\"x\"","\"w\"","\"w\"","\"w\"","\"w\"","\"w\"","\"x\"","\"x\"","\"x\"","\"w\"","\"x\"]","[\"x\"","\"x\"","\"w\"","\"x\"","\"x\"","\"t\"","\"x\"","\"x\"","\"x\"","\"x\"","\"w\"","\"w\"]]""","""traps"":""[[\"3\"","\"3\"","\"2\"]","[\"3\"","\"3\"","\"4\"]","[\"3\"","\"2\"","\"2\"]","[\"3\"","\"5\"","\"11\"]","[\"3\"","\"2\"","\"4\"]","[\"3\"","\"6\"","\"2\"]]""","""other_information"":""""","""size"":""L""","""owner_id"":2","""approved"":0","""public"":0","""created_at"":""2016-09-06 02:21:23""","""updated_at"":""2016-09-26 03:54:02""}"
"{""id"":52","""name"":""Foo Bar""","""purpose"":""Kill foos""","""history"":""Made By Dudes""","""location"":null","""creator"":null","""map"":""[[\"x\"","\"x\"","\"x\"","\"x\"","\"x\"","\"x\"","\"w\"","\"x\"","\"w\"","\"x\"","\"x\"","\"s\"]","[\"x\"","\"x\"","\"x\"","\"x\"","\"x\"","\"w\"","\"w\"","\"w\"","\"w\"","\"w\"","\"w\"","\"w\"]","[\"x\"","\"x\"","\"x\"","\"x\"","\"x\"","\"w\"","\"x\"","\"w\"","\"x\"","\"w\"","\"x\"","\"w\"]","[\"x\"","\"x\"","\"w\"","\"w\"","\"w\"","\"w\"","\"x\"","\"x\"","\"w\"","\"w\"","\"x\"","\"w\"]","[\"x\"","\"x\"","\"x\"","\"w\"","\"x\"","\"w\"","\"x\"","\"w\"","\"x\"","\"w\"","\"w\"","\"w\"]","[\"x\"","\"x\"","\"x\"","\"x\"","\"w\"","\"w\"","\"w\"","\"w\"","\"w\"","\"w\"","\"x\"","\"w\"]","[\"x\"","\"x\"","\"x\"","\"w\"","\"x\"","\"w\"","\"x\"","\"w\"","\"x\"","\"w\"","\"w\"","\"w\"]","[\"x\"","\"w\"","\"w\"","\"w\"","\"w\"","\"w\"","\"w\"","\"w\"","\"w\"","\"w\"","\"x\"","\"w\"]","[\"w\"","\"w\"","\"x\"","\"x\"","\"w\"","\"x\"","\"w\"","\"x\"","\"x\"","\"w\"","\"w\"","\"x\"]","[\"x\"","\"w\"","\"x\"","\"x\"","\"w\"","\"x\"","\"w\"","\"x\"","\"w\"","\"x\"","\"w\"","\"x\"]","[\"w\"","\"w\"","\"w\"","\"w\"","\"w\"","\"w\"","\"w\"","\"w\"","\"w\"","\"w\"","\"w\"","\"w\"]","[\"w\"","\"x\"","\"x\"","\"x\"","\"w\"","\"x\"","\"w\"","\"x\"","\"x\"","\"w\"","\"x\"","\"w\"]]""","""traps"":""[[\"3\"","\"6\"","\"7\"]","[\"3\"","\"5\"","\"6\"]","[\"3\"","\"8\"","\"1\"]","[\"3\"","\"1\"","\"9\"]","[\"3\"","\"11\"","\"7\"]","[\"3\"","\"10\"","\"6\"]]""","""other_information"":null","""size"":""L""","""owner_id"":2","""approved"":0","""public"":0","""created_at"":""2016-09-06 17:58:39""","""updated_at"":""2016-09-06 17:58:39""}"
"{""id"":53","""name"":""Foo Bar""","""purpose"":""Kill foos""","""history"":""Made By Dudes""","""location"":""""","""creator"":""""","""map"":""[[\"x\"","\"w\"","\"w\"","\"t\"","\"w\"","\"s\"","\"w\"","\"w\"","\"w\"","\"x\"","\"w\"","\"w\"]","[\"w\"","\"x\"","\"x\"","\"w\"","\"x\"","\"w\"","\"x\"","\"x\"","\"w\"","\"t\"","\"w\"","\"x\"]","[\"w\"","\"w\"","\"w\"","\"w\"","\"w\"","\"w\"","\"w\"","\"w\"","\"w\"","\"x\"","\"x\"","\"w\"]","[\"w\"","\"x\"","\"x\"","\"w\"","\"x\"","\"w\"","\"x\"","\"x\"","\"w\"","\"x\"","\"x\"","\"w\"]","[\"x\"","\"w\"","\"w\"","\"w\"","\"w\"","\"w\"","\"w\"","\"w\"","\"w\"","\"w\"","\"w\"","\"w\"]","[\"w\"","\"x\"","\"x\"","\"w\"","\"x\"","\"w\"","\"x\"","\"x\"","\"w\"","\"x\"","\"x\"","\"w\"]","[\"w\"","\"x\"","\"x\"","\"w\"","\"w\"","\"w\"","\"w\"","\"w\"","\"w\"","\"w\"","\"w\"","\"w\"]","[\"w\"","\"w\"","\"w\"","\"w\"","\"x\"","\"w\"","\"x\"","\"w\"","\"x\"","\"w\"","\"x\"","\"w\"]","[\"w\"","\"x\"","\"x\"","\"w\"","\"w\"","\"x\"","\"w\"","\"w\"","\"w\"","\"w\"","\"w\"","\"t\"]","[\"w\"","\"x\"","\"x\"","\"w\"","\"x\"","\"w\"","\"x\"","\"w\"","\"x\"","\"x\"","\"x\"","\"w\"]","[\"w\"","\"w\"","\"t\"","\"w\"","\"w\"","\"w\"","\"w\"","\"w\"","\"x\"","\"t\"","\"x\"","\"w\"]","[\"w\"","\"x\"","\"w\"","\"x\"","\"w\"","\"x\"","\"x\"","\"w\"","\"w\"","\"w\"","\"t\"","\"w\"]]""","""traps"":""[[\"3\"","\"10\"","\"11\"]","[\"3\"","\"2\"","\"10\"]","[\"3\"","\"3\"","\"0\"]","[\"3\"","\"9\"","\"10\"]","[\"3\"","\"9\"","\"1\"]","[\"3\"","\"11\"","\"8\"]]""","""other_information"":""There is more info here""","""size"":""L""","""owner_id"":2","""approved"":0","""public"":0","""created_at"":""2016-09-06 18:04:18""","""updated_at"":""2016-09-14 23:27:01""}"
"{""id"":54","""name"":""Foo Bar""","""purpose"":""Kill foos""","""history"":""Made By Dudes""","""location"":null","""creator"":null","""map"":""[[\"w\"","\"w\"","\"w\"","\"w\"","\"s\"","\"x\"]","[\"w\"","\"x\"","\"w\"","\"x\"","\"w\"","\"w\"]","[\"w\"","\"w\"","\"w\"","\"w\"","\"w\"","\"x\"]","[\"w\"","\"x\"","\"w\"","\"x\"","\"w\"","\"x\"]","[\"w\"","\"w\"","\"w\"","\"w\"","\"w\"","\"w\"]","[\"w\"","\"x\"","\"w\"","\"x\"","\"w\"","\"x\"]]""","""traps"":""[[\"3\"","\"4\"","\"2\"]","[\"3\"","\"0\"","\"4\"]","[\"3\"","\"4\"","\"5\"]","[\"3\"","\"2\"","\"5\"]","[\"3\"","\"0\"","\"4\"]","[\"3\"","\"0\"","\"5\"]]""","""other_information"":null","""size"":""S""","""owner_id"":2","""approved"":0","""public"":0","""created_at"":""2016-09-06 18:04:29""","""updated_at"":""2016-09-06 18:04:29""}"
"{""id"":55","""name"":""Foo Bar""","""purpose"":""Kill foos""","""history"":""Made By Dudes""","""location"":null","""creator"":null","""map"":""[[\"x\"","\"w\"","\"x\"","\"w\"","\"w\"","\"x\"","\"s\"","\"w\"","\"w\"","\"w\"","\"w\"","\"w\"]","[\"w\"","\"w\"","\"w\"","\"w\"","\"x\"","\"w\"","\"w\"","\"x\"","\"w\"","\"x\"","\"w\"","\"x\"]","[\"x\"","\"w\"","\"x\"","\"x\"","\"w\"","\"x\"","\"w\"","\"x\"","\"w\"","\"x\"","\"w\"","\"x\"]","[\"w\"","\"w\"","\"w\"","\"w\"","\"w\"","\"w\"","\"w\"","\"w\"","\"w\"","\"x\"","\"w\"","\"w\"]","[\"x\"","\"w\"","\"x\"","\"x\"","\"w\"","\"x\"","\"w\"","\"x\"","\"x\"","\"w\"","\"x\"","\"w\"]","[\"x\"","\"w\"","\"w\"","\"x\"","\"w\"","\"x\"","\"w\"","\"w\"","\"w\"","\"w\"","\"w\"","\"x\"]","[\"w\"","\"w\"","\"x\"","\"x\"","\"w\"","\"w\"","\"w\"","\"x\"","\"x\"","\"w\"","\"x\"","\"x\"]","[\"x\"","\"w\"","\"x\"","\"w\"","\"x\"","\"x\"","\"w\"","\"x\"","\"x\"","\"w\"","\"w\"","\"x\"]","[\"w\"","\"w\"","\"w\"","\"w\"","\"w\"","\"w\"","\"w\"","\"w\"","\"w\"","\"w\"","\"x\"","\"x\"]","[\"w\"","\"x\"","\"w\"","\"x\"","\"w\"","\"x\"","\"x\"","\"w\"","\"x\"","\"w\"","\"w\"","\"x\"]","[\"x\"","\"w\"","\"w\"","\"w\"","\"w\"","\"w\"","\"w\"","\"w\"","\"x\"","\"w\"","\"x\"","\"x\"]","[\"x\"","\"x\"","\"x\"","\"x\"","\"w\"","\"x\"","\"x\"","\"w\"","\"w\"","\"x\"","\"x\"","\"x\"]]""","""traps"":""[[\"3\"","\"4\"","\"6\"]","[\"3\"","\"1\"","\"6\"]","[\"3\"","\"8\"","\"11\"]","[\"3\"","\"4\"","\"11\"]","[\"3\"","\"1\"","\"1\"]","[\"3\"","\"4\"","\"11\"]]""","""other_information"":null","""size"":""L""","""owner_id"":2","""approved"":0","""public"":0","""created_at"":""2016-09-06 18:04:43""","""updated_at"":""2016-09-06 18:04:43""}"
"{""id"":56","""name"":""Foo Bar""","""purpose"":""Kill foos""","""history"":""Made By Dudes""","""location"":null","""creator"":null","""map"":""[[\"w\"","\"x\"","\"w\"","\"x\"","\"w\"","\"s\"","\"w\"","\"w\"]","[\"w\"","\"w\"","\"w\"","\"w\"","\"x\"","\"w\"","\"x\"","\"w\"]","[\"w\"","\"x\"","\"x\"","\"w\"","\"x\"","\"w\"","\"w\"","\"x\"]","[\"w\"","\"w\"","\"w\"","\"w\"","\"w\"","\"w\"","\"x\"","\"x\"]","[\"x\"","\"w\"","\"x\"","\"x\"","\"w\"","\"x\"","\"w\"","\"x\"]","[\"x\"","\"w\"","\"w\"","\"w\"","\"w\"","\"w\"","\"w\"","\"w\"]","[\"w\"","\"w\"","\"x\"","\"x\"","\"w\"","\"x\"","\"w\"","\"x\"]","[\"w\"","\"x\"","\"w\"","\"w\"","\"w\"","\"w\"","\"w\"","\"w\"]]""","""traps"":""[[\"3\"","\"4\"","\"0\"]","[\"3\"","\"3\"","\"7\"]","[\"3\"","\"4\"","\"4\"]","[\"3\"","\"1\"","\"4\"]","[\"3\"","\"4\"","\"4\"]]""","""other_information"":null","""size"":""M""","""owner_id"":2","""approved"":0","""public"":0","""created_at"":""2016-09-06 18:05:19""","""updated_at"":""2016-09-06 18:05:19""}"
"{""id"":57","""name"":""Foo Bar""","""purpose"":""Kill foos""","""history"":""Made By Dudes""","""location"":null","""creator"":null","""map"":""[[\"w\"","\"w\"","\"w\"","\"w\"","\"w\"","\"s\"]","[\"w\"","\"x\"","\"w\"","\"x\"","\"x\"","\"w\"]","[\"w\"","\"x\"","\"w\"","\"x\"","\"x\"","\"w\"]","[\"w\"","\"w\"","\"w\"","\"w\"","\"w\"","\"w\"]","[\"w\"","\"x\"","\"w\"","\"x\"","\"x\"","\"w\"]","[\"w\"","\"w\"","\"w\"","\"w\"","\"w\"","\"w\"]]""","""traps"":""[[\"3\"","\"4\"","\"5\"]","[\"3\"","\"5\"","\"1\"]","[\"3\"","\"5\"","\"2\"]]""","""other_information"":null","""size"":""S""","""owner_id"":2","""approved"":0","""public"":0","""created_at"":""2016-09-06 18:05:24""","""updated_at"":""2016-09-06 18:05:24""}"
"{""id"":58","""name"":""Foo Bar""","""purpose"":""Kill foos""","""history"":""Made By Dudes""","""location"":""""","""creator"":""""","""map"":""[[\"w\"","\"x\"","\"x\"","\"w\"","\"w\"","\"s\"]","[\"w\"","\"w\"","\"w\"","\"w\"","\"x\"","\"w\"]","[\"x\"","\"w\"","\"x\"","\"w\"","\"x\"","\"w\"]","[\"x\"","\"w\"","\"w\"","\"x\"","\"w\"","\"w\"]","[\"w\"","\"w\"","\"x\"","\"w\"","\"x\"","\"w\"]","[\"x\"","\"w\"","\"w\"","\"w\"","\"w\"","\"w\"]]""","""traps"":""""","""other_information"":""""","""size"":""S""","""owner_id"":2","""approved"":0","""public"":0","""created_at"":""2016-09-06 18:05:29""","""updated_at"":""2016-09-19 04:03:55""}"
"{""id"":59","""name"":""Foo Bar""","""purpose"":""Kill foos""","""history"":""Made By Dudes""","""location"":null","""creator"":null","""map"":""[[\"s\"","\"w\"","\"x\"","\"w\"","\"x\"","\"x\"","\"w\"","\"x\"]","[\"w\"","\"x\"","\"w\"","\"w\"","\"w\"","\"w\"","\"w\"","\"w\"]","[\"w\"","\"w\"","\"w\"","\"x\"","\"x\"","\"w\"","\"x\"","\"w\"]","[\"w\"","\"x\"","\"x\"","\"w\"","\"w\"","\"w\"","\"w\"","\"w\"]","[\"w\"","\"x\"","\"x\"","\"w\"","\"x\"","\"w\"","\"x\"","\"w\"]","[\"w\"","\"w\"","\"w\"","\"w\"","\"w\"","\"w\"","\"w\"","\"w\"]","[\"w\"","\"x\"","\"w\"","\"x\"","\"w\"","\"x\"","\"x\"","\"w\"]","[\"w\"","\"x\"","\"x\"","\"w\"","\"w\"","\"w\"","\"w\"","\"w\"]]""","""traps"":""[[\"3\"","\"0\"","\"4\"]","[\"3\"","\"6\"","\"1\"]","[\"3\"","\"3\"","\"3\"]","[\"3\"","\"0\"","\"4\"]","[\"3\"","\"5\"","\"7\"]]""","""other_information"":null","""size"":""M""","""owner_id"":2","""approved"":0","""public"":0","""created_at"":""2016-09-06 18:53:01""","""updated_at"":""2016-09-06 18:53:01""}"
"{""id"":60","""name"":""Foo Bar""","""purpose"":""Kill foos""","""history"":""Made By Dudes""","""location"":null","""creator"":null","""map"":""[[\"w\"","\"w\"","\"w\"","\"w\"","\"s\"","\"w\"","\"w\"","\"w\"","\"w\"","\"w\"","\"w\"","\"x\"]","[\"w\"","\"x\"","\"w\"","\"x\"","\"w\"","\"x\"","\"w\"","\"x\"","\"w\"","\"x\"","\"w\"","\"x\"]","[\"x\"","\"w\"","\"w\"","\"w\"","\"w\"","\"w\"","\"w\"","\"w\"","\"w\"","\"x\"","\"w\"","\"x\"]","[\"w\"","\"x\"","\"w\"","\"x\"","\"w\"","\"x\"","\"w\"","\"x\"","\"w\"","\"w\"","\"w\"","\"w\"]","[\"w\"","\"w\"","\"w\"","\"x\"","\"w\"","\"w\"","\"w\"","\"w\"","\"x\"","\"w\"","\"x\"","\"w\"]","[\"w\"","\"x\"","\"x\"","\"w\"","\"x\"","\"x\"","\"w\"","\"x\"","\"w\"","\"w\"","\"x\"","\"w\"]","[\"w\"","\"x\"","\"w\"","\"w\"","\"w\"","\"w\"","\"w\"","\"x\"","\"x\"","\"w\"","\"w\"","\"w\"]","[\"w\"","\"w\"","\"w\"","\"x\"","\"w\"","\"x\"","\"w\"","\"w\"","\"w\"","\"w\"","\"x\"","\"w\"]","[\"x\"","\"x\"","\"w\"","\"x\"","\"w\"","\"w\"","\"w\"","\"x\"","\"x\"","\"w\"","\"x\"","\"w\"]","[\"w\"","\"w\"","\"x\"","\"x\"","\"w\"","\"x\"","\"w\"","\"x\"","\"x\"","\"w\"","\"x\"","\"w\"]","[\"x\"","\"w\"","\"w\"","\"w\"","\"w\"","\"w\"","\"w\"","\"w\"","\"w\"","\"w\"","\"w\"","\"x\"]","[\"w\"","\"w\"","\"x\"","\"x\"","\"x\"","\"w\"","\"x\"","\"x\"","\"x\"","\"w\"","\"x\"","\"x\"]]""","""traps"":""[[\"3\"","\"1\"","\"4\"]","[\"3\"","\"7\"","\"0\"]","[\"3\"","\"2\"","\"10\"]","[\"3\"","\"2\"","\"3\"]","[\"3\"","\"0\"","\"6\"]","[\"3\"","\"8\"","\"2\"]","[\"3\"","\"7\"","\"7\"]","[\"3\"","\"3\"","\"2\"]]""","""other_information"":null","""size"":""L""","""owner_id"":2","""approved"":0","""public"":0","""created_at"":""2016-09-06 18:54:59""","""updated_at"":""2016-09-06 18:54:59""}"
"{""id"":61","""name"":""foo""","""purpose"":""""","""history"":""""","""location"":""""","""creator"":""""","""map"":""[[\"x\"","\"w\"","\"w\"","\"w\"","\"w\"","\"w\"","\"s\"","\"w\"]","[\"x\"","\"w\"","\"x\"","\"w\"","\"x\"","\"x\"","\"w\"","\"x\"]","[\"w\"","\"w\"","\"w\"","\"w\"","\"w\"","\"w\"","\"w\"","\"w\"]","[\"x\"","\"w\"","\"x\"","\"x\"","\"w\"","\"x\"","\"w\"","\"x\"]","[\"x\"","\"w\"","\"x\"","\"x\"","\"w\"","\"x\"","\"w\"","\"w\"]","[\"w\"","\"x\"","\"w\"","\"w\"","\"w\"","\"w\"","\"w\"","\"x\"]","[\"w\"","\"w\"","\"w\"","\"x\"","\"w\"","\"x\"","\"w\"","\"x\"]","[\"w\"","\"x\"","\"w\"","\"w\"","\"w\"","\"w\"","\"w\"","\"w\"]]""","""traps"":""""","""other_information"":""""","""size"":""M""","""owner_id"":2","""approved"":0","""public"":0","""created_at"":""2016-09-15 00:29:01""","""updated_at"":""2016-09-15 00:29:01""}"
"{""id"":62","""name"":""Foo Bar""","""purpose"":""Kill foos""","""history"":""Made By Dudes""","""location"":null","""creator"":null","""map"":""[[\"w\"","\"w\"","\"w\"","\"w\"","\"w\"","\"w\"","\"s\"","\"w\"","\"w\"","\"w\"","\"x\"","\"x\"]","[\"x\"","\"w\"","\"x\"","\"w\"","\"x\"","\"x\"","\"w\"","\"x\"","\"x\"","\"w\"","\"w\"","\"x\"]","[\"x\"","\"w\"","\"x\"","\"w\"","\"w\"","\"w\"","\"w\"","\"w\"","\"w\"","\"w\"","\"x\"","\"x\"]","[\"x\"","\"w\"","\"w\"","\"x\"","\"x\"","\"x\"","\"w\"","\"x\"","\"x\"","\"w\"","\"w\"","\"w\"]","[\"x\"","\"w\"","\"x\"","\"w\"","\"x\"","\"x\"","\"w\"","\"w\"","\"w\"","\"w\"","\"x\"","\"w\"]","[\"w\"","\"w\"","\"w\"","\"w\"","\"w\"","\"w\"","\"w\"","\"x\"","\"w\"","\"x\"","\"w\"","\"x\"]","[\"x\"","\"w\"","\"x\"","\"x\"","\"w\"","\"x\"","\"w\"","\"x\"","\"w\"","\"x\"","\"w\"","\"x\"]","[\"w\"","\"w\"","\"x\"","\"x\"","\"w\"","\"x\"","\"w\"","\"w\"","\"w\"","\"w\"","\"w\"","\"w\"]","[\"x\"","\"w\"","\"x\"","\"x\"","\"w\"","\"x\"","\"w\"","\"x\"","\"x\"","\"w\"","\"x\"","\"w\"]","[\"w\"","\"w\"","\"w\"","\"w\"","\"w\"","\"w\"","\"w\"","\"w\"","\"w\"","\"w\"","\"x\"","\"w\"]","[\"x\"","\"w\"","\"x\"","\"w\"","\"x\"","\"x\"","\"w\"","\"x\"","\"w\"","\"x\"","\"w\"","\"x\"]","[\"x\"","\"w\"","\"w\"","\"w\"","\"w\"","\"w\"","\"w\"","\"w\"","\"w\"","\"w\"","\"w\"","\"w\"]]""","""traps"":""[[\"3\"","\"8\"","\"7\"]","[\"4\"","\"6\"","\"8\"]","[\"4\"","\"8\"","\"2\"]","[\"3\"","\"6\"","\"4\"]","[\"4\"","\"3\"","\"11\"]","[\"3\"","\"4\"","\"0\"]]""","""other_information"":null","""size"":""L""","""owner_id"":2","""approved"":0","""public"":0","""created_at"":""2016-09-15 01:26:08""","""updated_at"":""2016-09-15 01:26:08""}"
"{""id"":63","""name"":""Foo Bar""","""purpose"":""Kill foos""","""history"":""Made By Dudes""","""location"":""""","""creator"":""""","""map"":""[[\"w\"","\"s\"","\"w\"","\"w\"","\"w\"","\"x\"]","[\"x\"","\"w\"","\"x\"","\"x\"","\"w\"","\"w\"]","[\"x\"","\"w\"","\"x\"","\"x\"","\"w\"","\"x\"]","[\"w\"","\"w\"","\"w\"","\"w\"","\"w\"","\"t\"]","[\"x\"","\"t\"","\"x\"","\"w\"","\"x\"","\"w\"]","[\"t\"","\"w\"","\"w\"","\"w\"","\"w\"","\"w\"]]""","""traps"":""[[\"3\"","\"5\"","\"3\"]","[\"3\"","\"1\"","\"4\"]","[\"4\"","\"0\"","\"5\"]]""","""other_information"":""""","""size"":""S""","""owner_id"":2","""approved"":0","""public"":0","""created_at"":""2016-09-15 01:26:20""","""updated_at"":""2016-09-15 01:28:15""}"
"{""id"":64","""name"":""Foo Bar""","""purpose"":""Kill foos""","""history"":""Made By Dudes""","""location"":""""","""creator"":""""","""map"":""[[\"w\"","\"x\"","\"w\"","\"x\"","\"s\"","\"w\"]","[\"w\"","\"w\"","\"w\"","\"w\"","\"t\"","\"x\"]","[\"w\"","\"x\"","\"w\"","\"x\"","\"w\"","\"w\"]","[\"w\"","\"w\"","\"w\"","\"w\"","\"x\"","\"w\"]","[\"w\"","\"x\"","\"t\"","\"x\"","\"w\"","\"x\"]","[\"w\"","\"w\"","\"w\"","\"w\"","\"w\"","\"w\"]]""","""traps"":""[[\"3\"","\"2\"","\"4\"]","[\"4\"","\"4\"","\"1\"]]""","""other_information"":""""","""size"":""S""","""owner_id"":2","""approved"":0","""public"":0","""created_at"":""2016-09-15 01:28:26""","""updated_at"":""2016-09-15 01:28:35""}"
"{""id"":65","""name"":""Foo Bar""","""purpose"":""Kill foos""","""history"":""Made By Dudes""","""location"":null","""creator"":null","""map"":""[[\"x\"","\"s\"","\"w\"","\"w\"","\"w\"","\"w\"]","[\"w\"","\"w\"","\"x\"","\"x\"","\"w\"","\"x\"]","[\"x\"","\"w\"","\"w\"","\"w\"","\"w\"","\"w\"]","[\"w\"","\"x\"","\"w\"","\"x\"","\"w\"","\"x\"]","[\"w\"","\"w\"","\"w\"","\"w\"","\"w\"","\"w\"]","[\"w\"","\"x\"","\"w\"","\"x\"","\"w\"","\"x\"]]""","""traps"":""[[\"3\"","\"2\"","\"4\"]","[\"3\"","\"0\"","\"5\"]","[\"4\"","\"5\"","\"2\"]]""","""other_information"":null","""size"":""S""","""owner_id"":2","""approved"":0","""public"":0","""created_at"":""2016-09-15 01:31:59""","""updated_at"":""2016-09-15 01:31:59""}"
"{""id"":66","""name"":""Foo Bar""","""purpose"":""Kill foos""","""history"":""Made By Dudes""","""location"":null","""creator"":null","""map"":""[[\"w\"","\"s\"","\"w\"","\"w\"","\"w\"","\"x\"]","[\"x\"","\"w\"","\"x\"","\"x\"","\"w\"","\"w\"]","[\"w\"","\"w\"","\"x\"","\"x\"","\"w\"","\"x\"]","[\"x\"","\"w\"","\"w\"","\"w\"","\"w\"","\"w\"]","[\"x\"","\"w\"","\"x\"","\"x\"","\"w\"","\"x\"]","[\"w\"","\"w\"","\"w\"","\"w\"","\"w\"","\"w\"]]""","""traps"":""[[\"4\"","\"3\"","\"0\"]","[\"4\"","\"4\"","\"5\"]]""","""other_information"":null","""size"":""S""","""owner_id"":2","""approved"":0","""public"":0","""created_at"":""2016-09-15 01:32:07""","""updated_at"":""2016-09-15 01:32:07""}"
"{""id"":67","""name"":""Foo Bar""","""purpose"":""Kill foos""","""history"":""Made By Dudes""","""location"":""""","""creator"":""""","""map"":""[[\"s\"","\"w\"","\"w\"","\"x\"","\"x\"","\"w\"","\"x\"","\"w\"","\"x\"","\"x\"","\"w\"","\"x\"]","[\"w\"","\"x\"","\"w\"","\"w\"","\"w\"","\"w\"","\"w\"","\"w\"","\"w\"","\"x\"","\"w\"","\"w\"]","[\"w\"","\"w\"","\"w\"","\"x\"","\"x\"","\"w\"","\"x\"","\"x\"","\"w\"","\"w\"","\"w\"","\"x\"]","[\"w\"","\"x\"","\"w\"","\"x\"","\"w\"","\"x\"","\"x\"","\"w\"","\"x\"","\"x\"","\"w\"","\"x\"]","[\"w\"","\"x\"","\"w\"","\"w\"","\"w\"","\"x\"","\"x\"","\"w\"","\"w\"","\"w\"","\"w\"","\"w\"]","[\"w\"","\"w\"","\"w\"","\"x\"","\"w\"","\"x\"","\"x\"","\"w\"","\"x\"","\"x\"","\"x\"","\"w\"]","[\"w\"","\"x\"","\"w\"","\"w\"","\"w\"","\"w\"","\"w\"","\"w\"","\"w\"","\"x\"","\"w\"","\"x\"]","[\"w\"","\"w\"","\"w\"","\"x\"","\"x\"","\"w\"","\"x\"","\"x\"","\"w\"","\"x\"","\"w\"","\"x\"]","[\"w\"","\"x\"","\"w\"","\"x\"","\"x\"","\"w\"","\"x\"","\"x\"","\"w\"","\"w\"","\"w\"","\"w\"]","[\"w\"","\"w\"","\"w\"","\"w\"","\"w\"","\"w\"","\"w\"","\"w\"","\"w\"","\"x\"","\"w\"","\"x\"]","[\"w\"","\"x\"","\"w\"","\"x\"","\"x\"","\"w\"","\"x\"","\"w\"","\"x\"","\"x\"","\"w\"","\"x\"]","[\"w\"","\"w\"","\"w\"","\"w\"","\"w\"","\"x\"","\"x\"","\"w\"","\"w\"","\"w\"","\"w\"","\"x\"]]""","""traps"":""[]""","""other_information"":""""","""size"":""L""","""owner_id"":2","""approved"":0","""public"":0","""created_at"":""2016-09-15 01:34:36""","""updated_at"":""2016-09-19 02:06:08""}"
"{""id"":68","""name"":""Foo Bar""","""purpose"":""Kill foos""","""history"":""Made By Dudes""","""location"":null","""creator"":null","""map"":""[[\"w\"","\"w\"","\"t\"","\"w\"","\"s\"","\"w\"]","[\"w\"","\"x\"","\"w\"","\"x\"","\"w\"","\"x\"]","[\"w\"","\"x\"","\"w\"","\"w\"","\"t\"","\"w\"]","[\"w\"","\"w\"","\"w\"","\"x\"","\"w\"","\"x\"]","[\"w\"","\"x\"","\"w\"","\"w\"","\"w\"","\"w\"]","[\"w\"","\"w\"","\"w\"","\"x\"","\"x\"","\"w\"]]""","""traps"":""[[\"4\"","\"2\"","\"0\"]","[\"3\"","\"4\"","\"2\"]]""","""other_information"":null","""size"":""S""","""owner_id"":2","""approved"":0","""public"":0","""created_at"":""2016-09-15 01:35:37""","""updated_at"":""2016-09-15 01:35:37""}"
"{""id"":70","""name"":""Foo Bar""","""purpose"":""Kill foos""","""history"":""Made By Dudes""","""location"":null","""creator"":null","""map"":""[[\"w\"","\"w\"","\"w\"","\"t\"","\"x\"","\"w\"","\"x\"","\"w\"","\"x\"","\"x\"","\"s\"","\"w\"]","[\"x\"","\"w\"","\"x\"","\"w\"","\"w\"","\"w\"","\"w\"","\"w\"","\"w\"","\"w\"","\"w\"","\"x\"]","[\"x\"","\"w\"","\"w\"","\"x\"","\"w\"","\"x\"","\"w\"","\"x\"","\"w\"","\"x\"","\"t\"","\"x\"]","[\"w\"","\"w\"","\"x\"","\"x\"","\"w\"","\"x\"","\"w\"","\"x\"","\"w\"","\"w\"","\"w\"","\"w\"]","[\"x\"","\"w\"","\"w\"","\"w\"","\"w\"","\"w\"","\"w\"","\"w\"","\"w\"","\"x\"","\"x\"","\"w\"]","[\"x\"","\"w\"","\"x\"","\"w\"","\"x\"","\"w\"","\"x\"","\"w\"","\"x\"","\"w\"","\"w\"","\"w\"]","[\"x\"","\"w\"","\"x\"","\"w\"","\"x\"","\"w\"","\"x\"","\"w\"","\"x\"","\"w\"","\"x\"","\"w\"]","[\"x\"","\"w\"","\"x\"","\"w\"","\"w\"","\"w\"","\"w\"","\"w\"","\"w\"","\"x\"","\"w\"","\"w\"]","[\"x\"","\"w\"","\"w\"","\"w\"","\"x\"","\"w\"","\"x\"","\"w\"","\"x\"","\"t\"","\"x\"","\"w\"]","[\"x\"","\"w\"","\"x\"","\"w\"","\"w\"","\"w\"","\"t\"","\"w\"","\"w\"","\"t\"","\"w\"","\"w\"]","[\"x\"","\"w\"","\"x\"","\"x\"","\"w\"","\"x\"","\"x\"","\"w\"","\"x\"","\"w\"","\"x\"","\"w\"]","[\"w\"","\"w\"","\"w\"","\"w\"","\"w\"","\"w\"","\"t\"","\"x\"","\"w\"","\"w\"","\"w\"","\"w\"]]""","""traps"":""[[\"3\"","\"9\"","\"8\"]","[\"3\"","\"3\"","\"0\"]","[\"3\"","\"10\"","\"2\"]","[\"3\"","\"6\"","\"9\"]","[\"3\"","\"6\"","\"11\"]","[\"4\"","\"9\"","\"9\"]]""","""other_information"":null","""size"":""L""","""owner_id"":2","""approved"":0","""public"":0","""created_at"":""2016-09-15 01:38:03""","""updated_at"":""2016-09-15 01:38:03""}"
"{""id"":71","""name"":""Foo Bar""","""purpose"":""Kill foos""","""history"":""Made By Dudes""","""location"":null","""creator"":null","""map"":""[[\"w\"","\"w\"","\"s\"","\"x\"","\"w\"","\"x\"","\"t\"","\"x\"]","[\"w\"","\"x\"","\"t\"","\"w\"","\"w\"","\"t\"","\"w\"","\"w\"]","[\"w\"","\"w\"","\"w\"","\"x\"","\"x\"","\"t\"","\"x\"","\"w\"]","[\"w\"","\"x\"","\"w\"","\"w\"","\"w\"","\"w\"","\"w\"","\"w\"]","[\"w\"","\"w\"","\"w\"","\"x\"","\"x\"","\"w\"","\"x\"","\"w\"]","[\"x\"","\"w\"","\"x\"","\"w\"","\"t\"","\"w\"","\"w\"","\"w\"]","[\"w\"","\"w\"","\"x\"","\"x\"","\"w\"","\"x\"","\"x\"","\"w\"]","[\"x\"","\"w\"","\"w\"","\"w\"","\"w\"","\"w\"","\"w\"","\"w\"]]""","""traps"":""[[\"4\"","\"5\"","\"2\"]","[\"3\"","\"2\"","\"1\"]","[\"3\"","\"4\"","\"5\"]","[\"3\"","\"6\"","\"0\"]","[\"4\"","\"5\"","\"1\"]]""","""other_information"":null","""size"":""M""","""owner_id"":2","""approved"":0","""public"":0","""created_at"":""2016-09-15 01:38:38""","""updated_at"":""2016-09-15 01:38:38""}"
"{""id"":72","""name"":""Fiii""","""purpose"":""""","""history"":""""","""location"":""""","""creator"":""""","""map"":""[[\"x\"","\"w\"","\"x\"","\"s\"","\"x\"","\"t\"]","[\"w\"","\"w\"","\"w\"","\"w\"","\"w\"","\"w\"]","[\"x\"","\"w\"","\"x\"","\"w\"","\"x\"","\"w\"]","[\"x\"","\"t\"","\"x\"","\"w\"","\"w\"","\"w\"]","[\"w\"","\"w\"","\"t\"","\"x\"","\"w\"","\"x\"]","[\"x\"","\"w\"","\"x\"","\"w\"","\"w\"","\"x\"]]""","""traps"":""[[3","\"1\"","\"3\"]",[3,"\"2\"","\"4\"]",[3,"\"5\"","\"0\"]]""","""other_information"":""""","""size"":""S""","""owner_id"":2","""approved"":0","""public"":0","""created_at"":""2016-09-19 02:59:25""","""updated_at"":""2016-09-19 02:59:25""}"
"{""id"":76","""name"":""uploadName""","""purpose"":null","""history"":null","""location"":null","""creator"":null","""map"":""[]""","""traps"":""[]""","""other_information"":null","""size"":""L""","""owner_id"":2","""approved"":0","""public"":0","""created_at"":""2016-09-19 03:15:59""","""updated_at"":""2016-09-19 03:15:59""}"
"{""id"":77","""name"":""uploadName""","""purpose"":null","""history"":null","""location"":null","""creator"":null","""map"":""[[\\\"w\\\"","\\\"w\\\"","\\\"w\\\"","\\\"w\\\"","\\\"s\\\"","\\\"w\\\"","\\\"w\\\"","\\\"w\\\"","\\\"w\\\"","\\\"w\\\"","\\\"w\\\"","\\\"x\\\"]","[\\\"w\\\"","\\\"x\\\"","\\\"w\\\"","\\\"x\\\"","\\\"w\\\"","\\\"x\\\"","\\\"w\\\"","\\\"x\\\"","\\\"w\\\"","\\\"x\\\"","\\\"w\\\"","\\\"x\\\"]","[\\\"x\\\"","\\\"w\\\"","\\\"w\\\"","\\\"w\\\"","\\\"w\\\"","\\\"w\\\"","\\\"w\\\"","\\\"w\\\"","\\\"w\\\"","\\\"x\\\"","\\\"w\\\"","\\\"x\\\"]","[\\\"w\\\"","\\\"x\\\"","\\\"w\\\"","\\\"x\\\"","\\\"w\\\"","\\\"x\\\"","\\\"w\\\"","\\\"x\\\"","\\\"w\\\"","\\\"w\\\"","\\\"w\\\"","\\\"w\\\"]","[\\\"w\\\"","\\\"w\\\"","\\\"w\\\"","\\\"x\\\"","\\\"w\\\"","\\\"w\\\"","\\\"w\\\"","\\\"w\\\"","\\\"x\\\"","\\\"w\\\"","\\\"x\\\"","\\\"w\\\"]","[\\\"w\\\"","\\\"x\\\"","\\\"x\\\"","\\\"w\\\"","\\\"x\\\"","\\\"x\\\"","\\\"w\\\"","\\\"x\\\"","\\\"w\\\"","\\\"w\\\"","\\\"x\\\"","\\\"w\\\"]","[\\\"w\\\"","\\\"x\\\"","\\\"w\\\"","\\\"w\\\"","\\\"w\\\"","\\\"w\\\"","\\\"w\\\"","\\\"x\\\"","\\\"x\\\"","\\\"w\\\"","\\\"w\\\"","\\\"w\\\"]","[\\\"w\\\"","\\\"w\\\"","\\\"w\\\"","\\\"x\\\"","\\\"w\\\"","\\\"x\\\"","\\\"w\\\"","\\\"w\\\"","\\\"w\\\"","\\\"w\\\"","\\\"x\\\"","\\\"w\\\"]","[\\\"x\\\"","\\\"x\\\"","\\\"w\\\"","\\\"x\\\"","\\\"w\\\"","\\\"w\\\"","\\\"w\\\"","\\\"x\\\"","\\\"x\\\"","\\\"w\\\"","\\\"x\\\"","\\\"w\\\"]","[\\\"w\\\"","\\\"w\\\"","\\\"x\\\"","\\\"x\\\"","\\\"w\\\"","\\\"x\\\"","\\\"w\\\"","\\\"x\\\"","\\\"x\\\"","\\\"w\\\"","\\\"x\\\"","\\\"w\\\"]","[\\\"x\\\"","\\\"w\\\"","\\\"w\\\"","\\\"w\\\"","\\\"w\\\"","\\\"w\\\"","\\\"w\\\"","\\\"w\\\"","\\\"w\\\"","\\\"w\\\"","\\\"w\\\"","\\\"x\\\"]","[\\\"w\\\"","\\\"w\\\"","\\\"x\\\"","\\\"x\\\"","\\\"x\\\"","\\\"w\\\"","\\\"x\\\"","\\\"x\\\"","\\\"x\\\"","\\\"w\\\"","\\\"x\\\"","\\\"x\\\"]]""","""traps"":""[]""","""other_information"":null","""size"":""L""","""owner_id"":2","""approved"":0","""public"":0","""created_at"":""2016-09-19 03:17:48""","""updated_at"":""2016-09-19 03:17:48""}"
"{""id"":78","""name"":""uploadName""","""purpose"":""""","""history"":""""","""location"":""""","""creator"":""""","""map"":""[[\"s\"","\"w\"","\"w\"","\"w\"","\"w\"","\"w\"","\"w\"","\"w\"","\"w\"","\"w\"","\"w\"","\"w\"]","[\"w\"","\"x\"","\"w\"","\"x\"","\"w\"","\"x\"","\"w\"","\"x\"","\"w\"","\"x\"","\"w\"","\"x\"]","[\"w\"","\"x\"","\"t\"","\"x\"","\"w\"","\"x\"","\"w\"","\"x\"","\"w\"","\"x\"","\"x\"","\"x\"]","[\"w\"","\"w\"","\"w\"","\"w\"","\"w\"","\"w\"","\"w\"","\"w\"","\"w\"","\"w\"","\"x\"","\"x\"]","[\"w\"","\"x\"","\"x\"","\"w\"","\"x\"","\"x\"","\"w\"","\"x\"","\"w\"","\"x\"","\"t\"","\"x\"]","[\"w\"","\"w\"","\"w\"","\"w\"","\"w\"","\"w\"","\"w\"","\"w\"","\"w\"","\"w\"","\"w\"","\"w\"]","[\"t\"","\"x\"","\"x\"","\"w\"","\"x\"","\"x\"","\"w\"","\"x\"","\"x\"","\"x\"","\"w\"","\"x\"]","[\"w\"","\"w\"","\"w\"","\"w\"","\"w\"","\"w\"","\"x\"","\"w\"","\"w\"","\"w\"","\"w\"","\"w\"]","[\"w\"","\"x\"","\"w\"","\"x\"","\"w\"","\"x\"","\"w\"","\"x\"","\"x\"","\"x\"","\"w\"","\"x\"]","[\"w\"","\"w\"","\"w\"","\"w\"","\"w\"","\"x\"","\"w\"","\"x\"","\"w\"","\"w\"","\"w\"","\"w\"]","[\"w\"","\"x\"","\"w\"","\"x\"","\"w\"","\"w\"","\"w\"","\"x\"","\"x\"","\"x\"","\"w\"","\"x\"]","[\"w\"","\"w\"","\"w\"","\"w\"","\"w\"","\"x\"","\"w\"","\"w\"","\"w\"","\"w\"","\"w\"","\"w\"]]""","""traps"":""[[3","\"0\"","\"6\"]",[3,"\"10\"","\"4\"]",[3,"\"2\"","\"2\"]]""","""other_information"":""""","""size"":""L""","""owner_id"":2","""approved"":0","""public"":0","""created_at"":""2016-09-19 03:24:59""","""updated_at"":""2016-09-19 03:30:42""}"
"{""id"":80","""name"":""uploadName""","""purpose"":null","""history"":null","""location"":null","""creator"":null","""map"":""[[\"w\"","\"w\"","\"w\"","\"w\"","\"s\"","\"w\"","\"w\"","\"w\"","\"w\"","\"w\"","\"w\"","\"x\"]","[\"w\"","\"x\"","\"w\"","\"x\"","\"w\"","\"x\"","\"w\"","\"x\"","\"w\"","\"x\"","\"w\"","\"x\"]","[\"x\"","\"w\"","\"w\"","\"w\"","\"w\"","\"w\"","\"w\"","\"w\"","\"w\"","\"x\"","\"w\"","\"x\"]","[\"w\"","\"x\"","\"w\"","\"x\"","\"w\"","\"x\"","\"w\"","\"x\"","\"w\"","\"w\"","\"w\"","\"w\"]","[\"w\"","\"w\"","\"w\"","\"x\"","\"w\"","\"w\"","\"w\"","\"w\"","\"x\"","\"w\"","\"x\"","\"w\"]","[\"w\"","\"x\"","\"x\"","\"w\"","\"x\"","\"x\"","\"w\"","\"x\"","\"w\"","\"w\"","\"x\"","\"w\"]","[\"w\"","\"x\"","\"w\"","\"w\"","\"w\"","\"w\"","\"w\"","\"x\"","\"x\"","\"w\"","\"w\"","\"w\"]","[\"w\"","\"w\"","\"w\"","\"x\"","\"w\"","\"x\"","\"w\"","\"w\"","\"w\"","\"w\"","\"x\"","\"w\"]","[\"x\"","\"x\"","\"w\"","\"x\"","\"w\"","\"w\"","\"w\"","\"x\"","\"x\"","\"w\"","\"x\"","\"w\"]","[\"w\"","\"w\"","\"x\"","\"x\"","\"w\"","\"x\"","\"w\"","\"x\"","\"x\"","\"w\"","\"x\"","\"w\"]","[\"x\"","\"w\"","\"w\"","\"w\"","\"w\"","\"w\"","\"w\"","\"w\"","\"w\"","\"w\"","\"w\"","\"x\"]","[\"w\"","\"w\"","\"x\"","\"x\"","\"x\"","\"w\"","\"x\"","\"x\"","\"x\"","\"w\"","\"x\"","\"x\"]]""","""traps"":""[[\"3\"","\"1\"","\"4\"]","[\"3\"","\"7\"","\"0\"]","[\"3\"","\"2\"","\"10\"]","[\"3\"","\"2\"","\"3\"]","[\"3\"","\"0\"","\"6\"]","[\"3\"","\"8\"","\"2\"]","[\"3\"","\"7\"","\"7\"]","[\"3\"","\"3\"","\"2\"]]""","""other_information"":null","""size"":""L""","""owner_id"":2","""approved"":0","""public"":0","""created_at"":""2016-09-19 03:41:26""","""updated_at"":""2016-09-19 03:41:26""}"
"{""id"":81","""name"":""uploadName""","""purpose"":null","""history"":null","""location"":null","""creator"":null","""map"":""[[\"w\"","\"w\"","\"w\"","\"w\"","\"s\"","\"w\"","\"w\"","\"w\"","\"w\"","\"w\"","\"w\"","\"x\"]","[\"w\"","\"x\"","\"w\"","\"x\"","\"w\"","\"x\"","\"w\"","\"x\"","\"w\"","\"x\"","\"w\"","\"x\"]","[\"x\"","\"w\"","\"w\"","\"w\"","\"w\"","\"w\"","\"w\"","\"w\"","\"w\"","\"x\"","\"w\"","\"x\"]","[\"w\"","\"x\"","\"w\"","\"x\"","\"w\"","\"x\"","\"w\"","\"x\"","\"w\"","\"w\"","\"w\"","\"w\"]","[\"w\"","\"w\"","\"w\"","\"x\"","\"w\"","\"w\"","\"w\"","\"w\"","\"x\"","\"w\"","\"x\"","\"w\"]","[\"w\"","\"x\"","\"x\"","\"w\"","\"x\"","\"x\"","\"w\"","\"x\"","\"w\"","\"w\"","\"x\"","\"w\"]","[\"w\"","\"xuyiyuiox\"","\"w\"","\"x\"","\"x\"","\"w\"","\"x\"","\"w\"]","[\"x\"","\"w\"","\"w\"","\"w\"","\"w\"","\"w\"","\"w\"","\"w\"","\"w\"","\"w\"","\"w\"","\"x\"]","[\"w\"","\"w\"","\"x\"","\"x\"","\"x\"","\"w\"","\"x\"","\"x\"","\"x\"","\"w\"","\"x\"","\"x\"]]""","""traps"":""[[\"3\"","\"1\"","\"4\"]","[\"3\"","\"7\"","\"0\"]","[\"3yuioyui3\"""","""other_information"":null","""size"":""L""","""owner_id"":2","""approved"":0","""public"":0","""created_at"":""2016-09-19 03:51:56""","""updated_at"":""2016-09-19 03:51:56""}"
"{""id"":82","""name"":""brokenMapAndTraps""","""purpose"":""""","""history"":""""","""location"":""""","""creator"":""""","""map"":""[[\"w\"","\"w\"","\"w\"","\"s\"","\"x\"","\"x\"","\"w\"","\"x\"","\"w\"","\"x\"","\"w\"","\"x\"]","[\"w\"","\"x\"","\"x\"","\"w\"","\"w\"","\"w\"","\"w\"","\"w\"","\"w\"","\"w\"","\"w\"","\"w\"]","[\"w\"","\"w\"","\"x\"","\"x\"","\"w\"","\"x\"","\"w\"","\"x\"","\"x\"","\"w\"","\"x\"","\"w\"]","[\"w\"","\"x\"","\"w\"","\"x\"","\"w\"","\"x\"","\"x\"","\"w\"","\"w\"","\"w\"","\"w\"","\"w\"]","[\"x\"","\"w\"","\"w\"","\"w\"","\"w\"","\"w\"","\"x\"","\"x\"","\"x\"","\"x\"","\"w\"","\"x\"]","[\"x\"","\"x\"","\"w\"","\"x\"","\"w\"","\"x\"","\"w\"","\"x\"","\"x\"","\"x\"","\"w\"","\"w\"]","[\"x\"","\"x\"","\"w\"","\"w\"","\"w\"","\"x\"","\"w\"","\"x\"","\"x\"","\"x\"","\"w\"","\"x\"]","[\"w\"","\"w\"","\"w\"","\"x\"","\"w\"","\"w\"","\"w\"","\"w\"","\"w\"","\"w\"","\"w\"","\"w\"]","[\"x\"","\"w\"","\"x\"","\"x\"","\"w\"","\"x\"","\"x\"","\"w\"","\"x\"","\"x\"","\"w\"","\"x\"]","[\"x\"","\"x\"","\"w\"","\"w\"","\"w\"","\"x\"","\"x\"","\"w\"","\"w\"","\"w\"","\"w\"","\"w\"]","[\"x\"","\"x\"","\"w\"","\"x\"","\"x\"","\"w\"","\"w\"","\"w\"","\"x\"","\"x\"","\"w\"","\"x\"]","[\"x\"","\"x\"","\"x\"","\"w\"","\"w\"","\"w\"","\"x\"","\"w\"","\"w\"","\"w\"","\"w\"","\"w\"]]""","""traps"":""""","""other_information"":""""","""size"":""L""","""owner_id"":2","""approved"":0","""public"":0","""created_at"":""2016-09-19 03:54:24""","""updated_at"":""2016-09-19 04:02:29""}"
"{""id"":83","""name"":""brokenMapAndTraps""","""purpose"":""""","""history"":""""","""location"":""""","""creator"":""""","""map"":""[[\"x\"","\"s\"","\"x\"","\"w\"","\"x\"","\"w\"","\"x\"","\"x\"","\"w\"","\"w\"","\"w\"","\"x\"]","[\"w\"","\"w\"","\"w\"","\"w\"","\"w\"","\"w\"","\"w\"","\"w\"","\"w\"","\"x\"","\"w\"","\"t\"]","[\"w\"","\"x\"","\"w\"","\"x\"","\"x\"","\"w\"","\"x\"","\"x\"","\"w\"","\"w\"","\"w\"","\"x\"]","[\"w\"","\"x\"","\"w\"","\"w\"","\"w\"","\"x\"","\"w\"","\"t\"","\"w\"","\"x\"","\"w\"","\"w\"]","[\"w\"","\"x\"","\"x\"","\"w\"","\"x\"","\"x\"","\"w\"","\"x\"","\"w\"","\"w\"","\"w\"","\"x\"]","[\"w\"","\"w\"","\"x\"","\"w\"","\"x\"","\"w\"","\"w\"","\"w\"","\"w\"","\"x\"","\"w\"","\"x\"]","[\"x\"","\"w\"","\"w\"","\"w\"","\"w\"","\"x\"","\"w\"","\"x\"","\"w\"","\"w\"","\"w\"","\"w\"]","[\"x\"","\"w\"","\"x\"","\"w\"","\"x\"","\"x\"","\"w\"","\"w\"","\"w\"","\"x\"","\"x\"","\"t\"]","[\"t\"","\"w\"","\"w\"","\"w\"","\"w\"","\"w\"","\"x\"","\"w\"","\"x\"","\"w\"","\"w\"","\"w\"]","[\"x\"","\"w\"","\"x\"","\"w\"","\"x\"","\"w\"","\"w\"","\"w\"","\"x\"","\"x\"","\"t\"","\"x\"]","[\"x\"","\"w\"","\"x\"","\"w\"","\"x\"","\"w\"","\"x\"","\"w\"","\"w\"","\"w\"","\"x\"","\"x\"]","[\"x\"","\"x\"","\"w\"","\"w\"","\"w\"","\"t\"","\"w\"","\"w\"","\"x\"","\"w\"","\"w\"","\"w\"]]""","""traps"":""[[3","\"7\"","\"3\"]",[3,"\"10\"","\"9\"]",[3,"\"5\"","\"11\"]",[3,"\"0\"","\"8\"]",[3,"\"11\"","\"1\"]",[3,"\"11\"","\"7\"]]""","""other_information"":""""","""size"":""L""","""owner_id"":2","""approved"":0","""public"":0","""created_at"":""2016-09-19 06:53:48""","""updated_at"":""2016-09-19 06:54:19""}"
"{""id"":84","""name"":""brokenMapAndTraps""","""purpose"":null","""history"":null","""location"":null","""creator"":null","""map"":""[[\"w\"","\"w\"","\"w\"","\"j\"","\"s\"","\"b\"","\"u\"","\"l\"","\"w\"","\"w\"","\"w\"","\"x\"]]""","""traps"":""[[\"3\"","\"1\"","\"4\"]","[\"3\"","\"7\"","\"0\"]]""","""other_information"":null","""size"":""L""","""owner_id"":2","""approved"":0","""public"":0","""created_at"":""2016-09-23 05:57:50""","""updated_at"":""2016-09-23 05:57:50""}"
"{""id"":86","""name"":""foos""","""purpose"":""""","""history"":""""","""location"":""""","""creator"":""""","""map"":""[[\"w\"","\"s\"","\"w\"","\"w\"","\"x\"","\"w\"]","[\"x\"","\"w\"","\"x\"","\"w\"","\"w\"","\"w\"]","[\"w\"","\"w\"","\"w\"","\"w\"","\"x\"","\"w\"]","[\"x\"","\"w\"","\"x\"","\"x\"","\"w\"","\"x\"]","[\"w\"","\"w\"","\"w\"","\"w\"","\"w\"","\"w\"]","[\"w\"","\"x\"","\"w\"","\"x\"","\"w\"","\"x\"]]""","""traps"":""[]""","""other_information"":""""","""size"":""S""","""owner_id"":2","""approved"":0","""public"":0","""created_at"":""2016-09-26 05:45:42""","""updated_at"":""2016-09-26 05:45:42""}"
"{""id"":87","""name"":""ghjkjhg""","""purpose"":""""","""history"":""""","""location"":""""","""creator"":""""","""map"":""[[\"x\"","\"w\"","\"x\"","\"x\"","\"w\"","\"x\"","\"w\"","\"s\"]","[\"w\"","\"w\"","\"w\"","\"w\"","\"w\"","\"w\"","\"x\"","\"w\"]","[\"x\"","\"w\"","\"x\"","\"w\"","\"x\"","\"w\"","\"w\"","\"w\"]","[\"w\"","\"w\"","\"w\"","\"w\"","\"w\"","\"w\"","\"x\"","\"w\"]","[\"x\"","\"w\"","\"x\"","\"w\"","\"x\"","\"w\"","\"w\"","\"w\"]","[\"x\"","\"w\"","\"w\"","\"x\"","\"w\"","\"x\"","\"w\"","\"x\"]","[\"w\"","\"w\"","\"x\"","\"w\"","\"w\"","\"w\"","\"w\"","\"x\"]","[\"x\"","\"w\"","\"w\"","\"x\"","\"w\"","\"x\"","\"w\"","\"w\"]]""","""traps"":""[]""","""other_information"":""""","""size"":""M""","""owner_id"":2","""approved"":0","""public"":0","""created_at"":""2016-09-26 05:46:27""","""updated_at"":""2016-09-26 05:46:27""}"
"{""id"":88","""name"":""""","""purpose"":""""","""history"":""""","""location"":""""","""creator"":""""","""map"":""[[\"w\"","\"s\"","\"w\"","\"w\"","\"w\"","\"x\"]","[\"x\"","\"w\"","\"x\"","\"w\"","\"x\"","\"w\"]","[\"w\"","\"w\"","\"w\"","\"w\"","\"w\"","\"w\"]","[\"x\"","\"w\"","\"x\"","\"x\"","\"w\"","\"x\"]","[\"w\"","\"x\"","\"w\"","\"x\"","\"w\"","\"w\"]","[\"w\"","\"w\"","\"w\"","\"w\"","\"w\"","\"x\"]]""","""traps"":""[]""","""other_information"":""""","""size"":""S""","""owner_id"":2","""approved"":0","""public"":0","""created_at"":""2016-09-26 05:49:40""","""updated_at"":""2016-09-26 05:49:40""}"
"{""id"":89","""name"":""""","""purpose"":""""","""history"":""""","""location"":""""","""creator"":""""","""map"":""[[\"x\"","\"w\"","\"x\"","\"x\"","\"s\"","\"x\"","\"x\"","\"w\"]","[\"w\"","\"w\"","\"w\"","\"w\"","\"w\"","\"w\"","\"w\"","\"w\"]","[\"w\"","\"x\"","\"w\"","\"x\"","\"w\"","\"x\"","\"w\"","\"x\"]","[\"w\"","\"w\"","\"w\"","\"x\"","\"w\"","\"w\"","\"w\"","\"w\"]","[\"w\"","\"x\"","\"w\"","\"w\"","\"w\"","\"x\"","\"w\"","\"x\"]","[\"w\"","\"w\"","\"w\"","\"x\"","\"w\"","\"w\"","\"x\"","\"w\"]","[\"w\"","\"x\"","\"w\"","\"x\"","\"w\"","\"x\"","\"x\"","\"w\"]","[\"w\"","\"x\"","\"x\"","\"w\"","\"w\"","\"w\"","\"w\"","\"w\"]]""","""traps"":""[]""","""other_information"":""""","""size"":""M""","""owner_id"":2","""approved"":0","""public"":0","""created_at"":""2016-09-26 05:50:09""","""updated_at"":""2016-09-26 05:50:09""}"
"{""id"":90","""name"":""foooo""","""purpose"":""To get funky""","""history"":""Made By Dudes""","""location"":""fooy""","""creator"":""foo""","""map"":""[[\"w\"","\"x\"","\"w\"","\"x\"","\"w\"","\"w\"","\"t\"","\"w\"","\"w\"","\"w\"","\"w\"","\"s\"]","[\"w\"","\"w\"","\"w\"","\"w\"","\"x\"","\"w\"","\"x\"","\"w\"","\"x\"","\"t\"","\"x\"","\"w\"]","[\"w\"","\"x\"","\"x\"","\"w\"","\"w\"","\"w\"","\"w\"","\"w\"","\"x\"","\"w\"","\"x\"","\"w\"]","[\"t\"","\"x\"","\"x\"","\"w\"","\"x\"","\"w\"","\"x\"","\"x\"","\"w\"","\"w\"","\"w\"","\"w\"]","[\"w\"","\"x\"","\"x\"","\"w\"","\"w\"","\"w\"","\"x\"","\"x\"","\"w\"","\"x\"","\"w\"","\"x\"]","[\"w\"","\"w\"","\"w\"","\"w\"","\"x\"","\"w\"","\"w\"","\"w\"","\"w\"","\"x\"","\"w\"","\"w\"]","[\"w\"","\"x\"","\"x\"","\"w\"","\"x\"","\"x\"","\"w\"","\"x\"","\"w\"","\"w\"","\"w\"","\"x\"]","[\"x\"","\"t\"","\"x\"","\"x\"","\"w\"","\"w\"","\"x\"","\"w\"","\"w\"","\"x\"","\"w\"","\"x\"]","[\"x\"","\"w\"","\"x\"","\"x\"","\"x\"","\"w\"","\"x\"","\"x\"","\"w\"","\"w\"","\"t\"","\"w\"]","[\"x\"","\"w\"","\"w\"","\"w\"","\"w\"","\"w\"","\"w\"","\"w\"","\"w\"","\"x\"","\"x\"","\"x\"]","[\"x\"","\"w\"","\"x\"","\"x\"","\"w\"","\"x\"","\"w\"","\"x\"","\"w\"","\"w\"","\"w\"","\"w\"]","[\"x\"","\"w\"","\"x\"","\"x\"","\"w\"","\"w\"","\"w\"","\"w\"","\"t\"","\"x\"","\"x\"","\"x\"]]""","""traps"":""[[\"5\"","\"1\"","\"7\"]","[\"5\"","\"0\"","\"3\"]","[\"4\"","\"8\"","\"11\"]","[\"4\"","\"10\"","\"8\"]","[\"5\"","\"9\"","\"1\"]","[\"4\"","\"6\"","\"0\"]]""","""other_information"":null","""size"":""L""","""owner_id"":2","""approved"":0","""public"":0","""created_at"":""2016-09-26 07:22:08""","""updated_at"":""2016-09-26 07:22:08""}"
"{""id"":91","""name"":""brokenMapAndTraps""","""purpose"":null","""history"":null","""location"":null","""creator"":null","""map"":""[[\"w\"","\"w\"","\"w\"","\"j\"","\"s\"","\"b\"","\"u\"","\"l\"","\"w\"","\"w\"","\"w\"","\"x\"]]""","""traps"":""[[\"3\"","\"1\"","\"4\"]","[\"3\"","\"7\"","\"0\"]]""","""other_information"":null","""size"":""L""","""owner_id"":2","""approved"":0","""public"":0","""created_at"":""2016-09-26 07:23:13""","""updated_at"":""2016-09-26 07:23:13""}"
